
insert into EMPLOYMENT_PROFESSION
(ID, VERSION, CREATE_TS, CREATED_BY, UPDATE_TS, UPDATED_BY, DELETE_TS, DELETED_BY, NAME)
values ('0bb035e7-7000-3664-3fcb-bb57bba9ccee', 1, '2021-07-15 10:32:37', 'admin', '2021-07-15 10:32:37', null, null, null, 'Actor');
insert into EMPLOYMENT_PROFESSION
(ID, VERSION, CREATE_TS, CREATED_BY, UPDATE_TS, UPDATED_BY, DELETE_TS, DELETED_BY, NAME)
values ('3ac9ff4f-edeb-1160-b3c2-f3e9d613c2e7', 1, '2021-07-15 10:30:43', 'admin', '2021-07-15 10:30:43', null, null, null, 'C++ developer');
insert into EMPLOYMENT_PROFESSION
(ID, VERSION, CREATE_TS, CREATED_BY, UPDATE_TS, UPDATED_BY, DELETE_TS, DELETED_BY, NAME)
values ('ee64c46b-f0d4-104c-2b12-a1a66c4fbe65', 1, '2021-07-15 10:30:50', 'admin', '2021-07-15 10:30:50', null, null, null, 'Data scientist');
insert into EMPLOYMENT_PROFESSION
(ID, VERSION, CREATE_TS, CREATED_BY, UPDATE_TS, UPDATED_BY, DELETE_TS, DELETED_BY, NAME)
values ('79fdf359-18c3-5749-5395-5a2d9556575b', 1, '2021-07-15 10:31:15', 'admin', '2021-07-15 10:31:15', null, null, null, 'DevOps-engineer');
insert into EMPLOYMENT_PROFESSION
(ID, VERSION, CREATE_TS, CREATED_BY, UPDATE_TS, UPDATED_BY, DELETE_TS, DELETED_BY, NAME)
values ('650334cc-cd90-6ba8-9525-d11d8bde7534', 1, '2021-07-15 10:30:35', 'admin', '2021-07-15 10:30:35', null, null, null, 'Java developer');
insert into EMPLOYMENT_PROFESSION
(ID, VERSION, CREATE_TS, CREATED_BY, UPDATE_TS, UPDATED_BY, DELETE_TS, DELETED_BY, NAME)
values ('0be24050-1418-93f6-e337-dd59e503b0ab', 1, '2021-07-15 10:31:28', 'admin', '2021-07-15 10:31:28', null, null, null, 'Nurse');
insert into EMPLOYMENT_PROFESSION
(ID, VERSION, CREATE_TS, CREATED_BY, UPDATE_TS, UPDATED_BY, DELETE_TS, DELETED_BY, NAME)
values ('9e8a86fb-8879-8a87-8473-ec806d9e6eca', 1, '2021-07-15 10:32:45', 'admin', '2021-07-15 10:32:45', null, null, null, 'Pilot');
insert into EMPLOYMENT_PROFESSION
(ID, VERSION, CREATE_TS, CREATED_BY, UPDATE_TS, UPDATED_BY, DELETE_TS, DELETED_BY, NAME)
values ('fc755ad7-9efb-6667-9edb-3b20e7944964', 1, '2021-07-15 10:32:33', 'admin', '2021-07-15 10:32:33', null, null, null, 'Policeman');
insert into EMPLOYMENT_PROFESSION
(ID, VERSION, CREATE_TS, CREATED_BY, UPDATE_TS, UPDATED_BY, DELETE_TS, DELETED_BY, NAME)
values ('ca131c60-4456-e6da-c5c7-a24013d87e26', 1, '2021-07-15 10:31:21', 'admin', '2021-07-15 10:31:21', null, null, null, 'Surgeon');
insert into EMPLOYMENT_CITIZEN
(ID, VERSION, CREATE_TS, CREATED_BY, UPDATE_TS, UPDATED_BY, DELETE_TS, DELETED_BY, FIRST_NAME, IS_REGISTERED, LAST_NAME, MIDDLE_NAME, PROFESSION_ID, IS_WORKING)
values ('234bb5e5-afb6-716e-5621-33f3fb3b6f29', 1, '2021-07-15 18:06:49', 'admin', '2021-07-15 18:06:49', null, null, null, 'Leonard', false, 'Dolmatov', 'Petrovich', '0bb035e7-7000-3664-3fcb-bb57bba9ccee', false);
insert into EMPLOYMENT_CITIZEN
(ID, VERSION, CREATE_TS, CREATED_BY, UPDATE_TS, UPDATED_BY, DELETE_TS, DELETED_BY, FIRST_NAME, IS_REGISTERED, LAST_NAME, MIDDLE_NAME, PROFESSION_ID, IS_WORKING)
values ('2ee5e95c-cabb-5dd7-78f7-988895d8458b', 1, '2021-07-15 18:10:48', 'admin', '2021-07-15 18:10:48', null, null, null, 'Daniil', false, 'Pyatyh', 'Tarat', '3ac9ff4f-edeb-1160-b3c2-f3e9d613c2e7', false);
insert into EMPLOYMENT_CITIZEN
(ID, VERSION, CREATE_TS, CREATED_BY, UPDATE_TS, UPDATED_BY, DELETE_TS, DELETED_BY, FIRST_NAME, IS_REGISTERED, LAST_NAME, MIDDLE_NAME, PROFESSION_ID, IS_WORKING)
values ('3012e81a-9eea-2da5-7e32-1e6cb3329a6d', 1, '2021-07-15 18:09:32', 'admin', '2021-07-15 18:09:32', null, null, null, 'Vlad', false, 'Ivanov', null, '650334cc-cd90-6ba8-9525-d11d8bde7534', false);
insert into EMPLOYMENT_CITIZEN
(ID, VERSION, CREATE_TS, CREATED_BY, UPDATE_TS, UPDATED_BY, DELETE_TS, DELETED_BY, FIRST_NAME, IS_REGISTERED, LAST_NAME, MIDDLE_NAME, PROFESSION_ID, IS_WORKING)
values ('6b36248c-616c-ed61-4234-8df233739e22', 1, '2021-07-15 18:08:41', 'admin', '2021-07-15 18:08:41', null, null, null, 'Maxim', false, 'Egorov', 'Vadimovich', 'fc755ad7-9efb-6667-9edb-3b20e7944964', false);
insert into EMPLOYMENT_CITIZEN
(ID, VERSION, CREATE_TS, CREATED_BY, UPDATE_TS, UPDATED_BY, DELETE_TS, DELETED_BY, FIRST_NAME, IS_REGISTERED, LAST_NAME, MIDDLE_NAME, PROFESSION_ID, IS_WORKING)
values ('7c586b75-68af-7669-1ee7-446cf2177e49', 1, '2021-07-15 18:10:11', 'admin', '2021-07-15 18:10:11', null, null, null, 'Kirill', false, 'Valeev', 'Daleko', '9e8a86fb-8879-8a87-8473-ec806d9e6eca', false);
insert into EMPLOYMENT_CITIZEN
(ID, VERSION, CREATE_TS, CREATED_BY, UPDATE_TS, UPDATED_BY, DELETE_TS, DELETED_BY, FIRST_NAME, IS_REGISTERED, LAST_NAME, MIDDLE_NAME, PROFESSION_ID, IS_WORKING)
values ('d2ada4ef-c75c-af19-f43c-a39c1ecf7544', 1, '2021-07-15 18:07:24', 'admin', '2021-07-15 18:07:24', null, null, null, 'Vasilii', false, 'Pervyi', 'Anatolyevich', '79fdf359-18c3-5749-5395-5a2d9556575b', false);
insert into EMPLOYMENT_CITIZEN
(ID, VERSION, CREATE_TS, CREATED_BY, UPDATE_TS, UPDATED_BY, DELETE_TS, DELETED_BY, FIRST_NAME, IS_REGISTERED, LAST_NAME, MIDDLE_NAME, PROFESSION_ID, IS_WORKING)
values ('d47259fb-b91c-22c9-b3cb-2af2b5517171', 1, '2021-07-15 18:08:20', 'admin', '2021-07-15 18:08:20', null, null, null, 'Tamara', false, 'Poslezavtra', null, '0be24050-1418-93f6-e337-dd59e503b0ab', false);
insert into EMPLOYMENT_CITIZEN
(ID, VERSION, CREATE_TS, CREATED_BY, UPDATE_TS, UPDATED_BY, DELETE_TS, DELETED_BY, FIRST_NAME, IS_REGISTERED, LAST_NAME, MIDDLE_NAME, PROFESSION_ID, IS_WORKING)
values ('33700643-e8fc-8ce3-e747-e592d19153f3', 2, '2021-07-15 18:18:58', 'admin', '2021-07-15 18:19:15', 'admin', null, null, 'Andrei', true, 'Solodov', 'Petrovich', '650334cc-cd90-6ba8-9525-d11d8bde7534', false);
insert into EMPLOYMENT_CITIZEN
(ID, VERSION, CREATE_TS, CREATED_BY, UPDATE_TS, UPDATED_BY, DELETE_TS, DELETED_BY, FIRST_NAME, IS_REGISTERED, LAST_NAME, MIDDLE_NAME, PROFESSION_ID, IS_WORKING)
values ('cf3e4b79-1e72-c522-f1c7-90f8cdbbdf6c', 2, '2021-07-15 18:23:31', 'admin', '2021-07-15 18:23:59', 'admin', null, null, 'Semen', true, 'Vkadov', 'Tenovich', '650334cc-cd90-6ba8-9525-d11d8bde7534', false);
insert into EMPLOYMENT_EMPLOYMENT_CENTER
(ID, VERSION, CREATE_TS, CREATED_BY, UPDATE_TS, UPDATED_BY, DELETE_TS, DELETED_BY, ADDRESS, CITY)
values ('70244464-1821-e8bf-2e43-20cc0cf83901', 1, '2021-07-15 10:30:25', 'admin', '2021-07-15 10:30:25', null, null, null, 'Novo-Sadovaya, 203', 'Samara');
insert into EMPLOYMENT_REGISTRATION_CARD
(ID, VERSION, CREATE_TS, CREATED_BY, UPDATE_TS, UPDATED_BY, DELETE_TS, DELETED_BY, EMPLOYMENT_CENTER_ID, CITIZEN_ID, REGISTRATION_DATE, BENEFIT_SIZE, IS_PAID_BENEFIT, START_WORKING_DATE)
values ('5961ef1c-3690-e704-1faf-44751df33251', 1, '2021-07-15 18:19:15', 'admin', '2021-07-15 18:19:15', null, null, null, '70244464-1821-e8bf-2e43-20cc0cf83901', '33700643-e8fc-8ce3-e747-e592d19153f3', 2021-07-15T18:19:01.729336, 15000, true, null);
insert into EMPLOYMENT_REGISTRATION_CARD
(ID, VERSION, CREATE_TS, CREATED_BY, UPDATE_TS, UPDATED_BY, DELETE_TS, DELETED_BY, EMPLOYMENT_CENTER_ID, CITIZEN_ID, REGISTRATION_DATE, BENEFIT_SIZE, IS_PAID_BENEFIT, START_WORKING_DATE)
values ('fc0a6192-0a8c-aadf-f0b2-23d16dcdfebf', 1, '2021-07-15 18:23:58', 'admin', '2021-07-15 18:23:58', null, null, null, '70244464-1821-e8bf-2e43-20cc0cf83901', 'cf3e4b79-1e72-c522-f1c7-90f8cdbbdf6c', 2021-07-15T18:23:48.750226, 15000, true, null);
insert into EMPLOYMENT_VACANCY
(ID, VERSION, CREATE_TS, CREATED_BY, UPDATE_TS, UPDATED_BY, DELETE_TS, DELETED_BY, POSITION, IS_OPEN, REGISTRATION_DATE, EMPLOYER_NAME, SALARY, RATE, EMPLOYMENT_CENTER_ID)
values ('c36b20b5-de76-65ed-c0f8-54a530532ddf', 1, '2021-07-15 18:27:48', 'admin', '2021-07-15 18:27:48', null, null, null, 'Java Junior', true, 2021-07-15T18:26:52.247282, 'Haulmont', 300000, 1.9, '70244464-1821-e8bf-2e43-20cc0cf83901');
insert into EMPLOYMENT_VACANCY
(ID, VERSION, CREATE_TS, CREATED_BY, UPDATE_TS, UPDATED_BY, DELETE_TS, DELETED_BY, POSITION, IS_OPEN, REGISTRATION_DATE, EMPLOYER_NAME, SALARY, RATE, EMPLOYMENT_CENTER_ID)
values ('73e5a3a2-ab40-1508-1133-e6fcf15585e5', 1, '2021-07-15 18:28:52', 'admin', '2021-07-15 18:28:52', null, null, null, 'Doctor', true, 2021-07-15T18:28:07.516275, 'Hospital', 9000, 0.9, '70244464-1821-e8bf-2e43-20cc0cf83901');
insert into EMPLOYMENT_VACANCY
(ID, VERSION, CREATE_TS, CREATED_BY, UPDATE_TS, UPDATED_BY, DELETE_TS, DELETED_BY, POSITION, IS_OPEN, REGISTRATION_DATE, EMPLOYER_NAME, SALARY, RATE, EMPLOYMENT_CENTER_ID)
values ('2be19fd8-dc2f-f92f-52fb-640111ad7972', 1, '2021-07-15 18:29:58', 'admin', '2021-07-15 18:29:58', null, null, null, 'Java Team Lead', true, 2021-07-15T18:29:21.588699, 'Oracle', 33000, 1.5, '70244464-1821-e8bf-2e43-20cc0cf83901');
